date,GLD,SPY,USO,XLB,XLC,XLE,XLF,XLI,XLK,XLP,XLRE,XLU,XLV,XLY
2020-01-03,0.013268521727000326,-0.007572218598439928,0.02888367474153064,-0.01614496434826651,-0.006450310635340739,-0.0029713622920876093,-0.010617833173695801,-0.0019279569346011272,-0.011243181275310432,-0.001600523323450398,0.007325886045587149,0.002037116804720851,-0.00871425818585847,-0.00851021925633455
2020-01-06,0.010489502076611812,0.003815048939514787,-0.0015174853794059917,-0.004353835741041756,0.013355463745332363,0.007781376386436278,-0.0006505371476068778,0.0003622155705023111,0.0023824770366778214,0.0020841305579055724,0.000259735991069876,0.0009384734908226555,0.006222900406356757,0.0027814067094487083
2020-01-07,0.003935150508558971,-0.0028118757761316227,-0.002279614993847545,-0.0011770700212534457,0.0012815467039917205,-0.0026282421735931427,-0.0065080093636686875,-0.002051237125140992,-0.00043219539814309815,-0.007678866963034214,-0.010906139551442151,-0.0014062465734513419,-0.0019634322300635665,-0.0015850941317525624
2020-01-08,-0.007501524641443713,0.005329416467799941,-0.03579590730634363,0.0035358065125927762,0.007129735729575204,-0.016471884929241787,0.006550640996612511,0.003385147759459306,0.010700506165093993,0.003707952318952046,0.004988348506091311,-0.00046931295909313775,0.006491527368981176,0.003016600483283227
2020-01-09,-0.005651653463197515,0.006780781056964669,-0.013428126251414874,0.003691271651971695,0.005264145961717981,0.0073690042826508595,0.006182945623195879,0.004217336200517119,0.011335617821065958,0.0070669565614067675,-0.00026153361408354225,0.005479089307066642,0.004299772819714498,0.0053022649515444
2020-01-10,0.006026192495848015,-0.0028776211203218605,-0.0064051181082522834,-0.004011875231313855,-0.003972753963285114,-0.005652469006371841,-0.0074384587104509015,-0.007079102751657795,-0.0023264671590904618,-0.0006378774360809025,0.009668049716587523,0.0026465244235014396,0.00029219748459863304,-0.0054318617799511415
2020-01-13,-0.007419483430124996,0.006877245347345795,-0.016921840509995234,0.012923930141691686,0.009427039757556877,0.0003343012840193449,0.006842603640300204,0.0082174318910615,0.012506771801753525,0.006543309236460626,0.012163785601526422,0.006056076694965773,-0.0035017473163014845,0.0031661096641264486
2020-01-14,-0.0008915435213457945,-0.001524551700256449,0.00655737089809616,-0.004142834267505391,-0.002514106235850133,0.0001669304803555427,-0.0019419304452644726,0.00011986557327769987,-0.004710529356236948,0.0003168548707537244,-0.0048581316200916325,0.002932393857420834,0.006051933955834254,-0.00031559269353487185
2020-01-15,0.005834242779070742,0.0022595538538019433,-0.008143276056180704,0.0068220484144954074,0.004861295960407519,-0.007352832465582049,-0.005512184599726355,0.0015580656941731608,0.0011569518281722146,0.007132860578888067,0.006937192852353613,0.014004267430356876,0.008635784697513804,-0.002288896131076412
2020-01-16,-0.0015695082440052577,0.008318679564621512,0.00903117027267264,0.005949262208360562,0.007704628324008089,0.0016835405488262456,0.008803420444420729,0.009931471309418072,0.013446870620505313,0.0026755972438461395,0.008931120419756411,0.0062226480223748215,0.005194835443635748,0.008939022206724712
2020-01-17,0.0018454259925253513,0.0031125124752595656,0.0032546755066871214,0.004435929786094084,0.007823722208133432,-0.006386387909520508,0.0029088885010433163,0.00011878671074416758,0.006737770367233331,0.0017265292276482658,0.001264462130616817,0.0069380652638442175,0.0,0.003528526046424396
2020-01-21,0.0010915790702048511,-0.0019581453700716622,-0.007299282493493875,-0.010795167158439312,-0.0008821705502635169,-0.01792974556628213,-0.008379089494506498,-0.011017378432806924,-0.000412068256765985,0.0034473872568054897,0.010103512020455785,0.009137338900482295,0.0010527622558704763,-0.003047165360586357
2020-01-22,0.0003406555206315609,0.00012082737196350557,-0.027777790763539367,-0.003967953043634176,-0.0005298267707679605,-0.0096452809436961,0.0029248905740213438,-0.005271226620464531,0.0036054700739280854,0.0007805577425901156,-0.00800198505371319,0.0031171520066513025,0.0012428578271592716,-0.0004703873151402638
2020-01-23,0.002248122121045526,0.0011467162595399927,-0.020168048639635727,-0.0011621862885178302,-0.004063634908930136,-0.0038260726851234717,-0.002592251342809715,0.010838366875551175,0.00472139872457511,-0.0009362737185328873,0.009578868552432285,0.008878366038008068,-0.005060702746144674,0.001489851496605521
2020-01-24,0.005845572586286041,-0.008893160793712274,-0.019725518460223412,-0.007146346766691347,-0.012062983727963439,-0.011522474841083707,-0.012670615160736642,-0.0046460541127595345,-0.004699211871637909,-0.006871743223379467,-0.0014979862065878091,0.00263999605839782,-0.016698574093417795,-0.013935779662484493
2020-01-27,0.006825312844883635,-0.01602940649138085,-0.028871383630376668,-0.021593714328348446,-0.015622291047285297,-0.02772864911206374,-0.01546556191848203,-0.018911154207439163,-0.023811877510600543,-0.003145240889777412,-0.00425140121438583,-0.0024867683018157116,-0.007612816062571581,-0.014926342050436414
2020-01-28,-0.008926785569624784,0.010479148252260595,0.013513478682458668,0.011291766306508189,0.011492248792102533,0.004541341799361831,0.011697928910095579,0.006465927548271466,0.019135624113862937,0.001262362202768763,0.002511612013287312,0.004106290772139198,0.004917257229750449,0.009752447725197122
2020-01-29,0.005417872354848807,-0.0008259255240735675,-0.008000013563368102,0.0032142901896650145,-0.0016231592685127527,-0.010488239438034341,-0.0016520616727401238,0.005333436825986304,0.002579273310069574,-0.005041955101456108,-0.005260609738508837,0.0026288142505324075,-0.0027400713550650435,-0.0005587235433343052
2020-01-30,6.732120695107646e-05,0.0032452555929372018,-0.007168452042999429,-0.006239428566905403,-0.010115647763775493,0.008040995685468344,0.012574511334420668,0.0010850621223141843,0.008643543814113475,0.011876496168738537,0.0022666884288824463,0.00932275323296028,-0.00726203279497839,-0.0016773001087474482
2020-01-31,0.005792420039608892,-0.018157553893661582,-0.02166062931143853,-0.02205969938528629,-0.016240780145086897,-0.03118191469976417,-0.020914983736679438,-0.023123948021242513,-0.027443261157947152,-0.01126757172056203,-0.01432178007797913,-0.004473974745389908,-0.019968337336181086,0.0025601433536348583
2020-02-03,-0.006495688802043542,0.007428330630117719,-0.032287857614667015,0.020995907482364462,0.011871481680561846,-0.013098734963766456,0.00700954379250418,-0.00037019304640073525,0.013217051725833429,0.0,0.0010194919966008964,0.0031888917003628503,0.009077897320394657,0.007101759369250837
2020-02-04,-0.01300895070524588,0.015241233478003657,-0.004766462519143921,0.01767521647016923,0.010449295478817788,0.0036025306062728024,0.009612076552361737,0.01887035729551423,0.026193236683638155,0.006014433138721076,0.01298709792185515,-0.009970898319140664,0.01759304490056346,0.018223548611020934
2020-02-05,0.0012293105482077404,0.01154803525822512,0.024904237483914793,0.018536970847049528,0.0016326570714793043,0.03759672189086127,0.020026364488350934,0.016705234841323913,0.0058515124518172534,0.008023984836719178,-0.0007543114959021047,0.004087044208226143,0.019253250496233054,0.005058122376674357
2020-02-06,0.005388399719282511,0.003364809659788248,0.0037383142585096785,-0.0004920758767020805,0.01249783046652353,-0.010196741188243985,-0.0012874680038553743,0.0032143910586979185,0.009127652419073318,0.0017168980704687087,0.004276953659639426,0.00029085812445073245,0.0008675805376112677,-0.002245363620744012
2020-02-07,0.002645857569860688,-0.005329683752885561,-0.014897565253434997,-0.014271715669711305,-0.0007156851595498948,-0.00699025211056592,-0.0035450496471279846,-0.007239276824320684,-0.009144256070787504,0.0012464053036864708,0.0005006428230454052,-0.003197439052746942,-0.007799594562585832,-0.004345458023167215
2020-02-10,0.0025712490701368385,0.007465287820143329,-0.015122859032692948,-0.0004993027534823113,0.005907781167479698,-0.005002222167792336,0.0029109082398035557,0.0056182614191384594,0.013541642157186562,0.0042017379925733955,0.011517674662927968,0.0037906383623926843,0.005337639430552876,0.011300753800897567
2020-02-11,-0.0034419552752806837,0.001733009816939468,0.0076775358080907186,0.005494428670265616,-0.0010676634978408206,0.011171364351235225,0.003547129361240353,0.0038042364688612995,-0.003364864561895553,-0.003719143079159104,0.012128685777981874,0.0036312218510128336,0.005984994016061007,0.007860811190307126
2020-02-12,-0.0008127480224853212,0.006442743924098826,0.029523849487304688,0.005464690130633665,0.01300515760872023,0.01344113998822416,0.0006427340611208088,0.009355817337486805,0.01082411832773933,-0.0004667500912594047,0.006358646336112939,0.0007236833518067254,0.0012475093577319907,0.010245941785206103
2020-02-13,0.00569345014846645,-0.001066834533460459,0.00277518333086757,-0.0036232554745115886,0.00017613149559525532,-0.0030884488530187326,-0.000321263381092618,-0.005631740547703656,-0.0026521546161868415,0.005913559752630082,0.006075403359735887,0.011135280033683248,-0.004696099856236757,-0.0017406428214061798
2020-02-14,0.004178427664004669,0.0016019114252554534,0.010147569661333122,0.0001652826204683322,0.001230855646500606,-0.005285215969446422,0.0012851238162756573,-0.001298084069163874,0.004334000607850497,0.00232042225526774,0.011593670982876336,0.00672180352357965,0.0007703343247733585,-0.001516530289774054
2020-02-18,0.012818816524224008,-0.002576833730104422,0.0,-0.0024788295995739063,0.00667358372929705,-0.008244878176963066,-0.00866227141770104,-0.0056711966871371144,-0.0037270882984380416,-0.003549720875410056,-0.0009548713995388702,0.008381945544909009,-0.003560094265006364,-7.593253385218546e-05
2020-02-19,0.005831221275388376,0.004781070355672545,0.02100461186456215,0.002650655429348836,0.00453596966196157,0.013301328834422144,0.007443272673065104,-0.0003564776532946068,0.011911880034570332,-0.00108443639444189,-0.014101162889195495,-0.010848256341758566,0.004635111411362303,0.0044806646754362855
2020-02-20,0.004084659090851872,-0.004107892667991386,0.008944492403020199,0.0016523511759651832,-0.010246653585254895,-0.0010937743485989193,-0.001927240238583039,-0.0014260195425409572,-0.010409520920244608,0.0007753194438866462,0.011151330215170452,0.0035608175965959887,-0.006439807751978277,0.0003779370961836115
2020-02-21,0.015025216397275942,-0.010298552057066535,-0.010638287978706473,-0.00461896537136397,-0.015265648985100744,-0.011863661901783229,-0.009655769688736271,-0.004999796435001702,-0.022414502617218113,0.001704464498073044,0.005274763855351194,-0.0018449847111178252,0.000580352136140716,-0.015265828134058412
2020-02-24,0.008985128746405113,-0.033165310751897326,-0.03763441595309158,-0.028173622971399914,-0.03349978949927612,-0.04617637892236537,-0.032499200184605725,-0.02847220092843694,-0.041331473092301785,-0.02304718435222286,-0.013355815756828981,-0.011659479190998523,-0.03151916192958859,-0.03438232271009045
2020-02-25,-0.017874260693127697,-0.030301815857218695,-0.03165737056179585,-0.04314449367709117,-0.026733131844525637,-0.04415190198233787,-0.03392670961542488,-0.040758755236264044,-0.03199404216442747,-0.01804929674960687,-0.025138802494172663,-0.021004106364560404,-0.030348034696464632,-0.0267047117167587
2020-02-26,0.004370503298157802,-0.0036787121695326386,-0.020192312100935417,-0.003386529725732057,-0.0018941228142771438,-0.030186544179896857,-0.007301791248948475,-0.00757356732767045,0.004551211290047208,-0.005643523592423816,-0.008678664224870958,-0.010139668102464805,-0.00010308361076183381,-0.007921124689126424
2020-02-27,0.00019483522153040944,-0.044911483704765165,-0.040235511707124805,-0.046852545251138356,-0.03947629414258014,-0.05347781034650578,-0.042732113584433296,-0.03712328938364817,-0.0539374630524071,-0.04070043969857451,-0.05652821578309475,-0.04498189383986129,-0.03397877020432827,-0.04041483578997951
2020-02-28,-0.03649347478693177,-0.004201399884546264,-0.033742324408612245,-0.010881849815896683,0.002963925964138303,-0.0008831095348710294,-0.027076448918127105,-0.018269549689332254,0.007639896694828119,-0.019776741354607608,-0.024655136523914267,-0.03342169503096715,-0.012896778816049781,-0.006433064165431657
2020-03-02,0.005526297603759334,0.04330626698672346,0.0497354789963067,0.0428678996712486,0.034672893356654466,0.040424210793404525,0.0511471337943501,0.03516668111744625,0.05782492717684318,0.05345731642792195,0.04974152175556168,0.05886132465510685,0.04686300048256786,0.03436047934327968
2020-03-03,0.031434333360162325,-0.02863228298768894,-0.003024166606901746,-0.00873041198991198,-0.032939682160543104,-0.030573285629535207,-0.03756714812276851,-0.02445444913253736,-0.037976316254185405,-0.013586577116936116,-0.0007767264041091959,-0.012302522023305174,-0.024857890619350065,-0.024205118854247587
2020-03-04,0.0017545277375516921,0.042033177356233686,-0.003033436360370123,0.041467970288744604,0.036030689609075184,0.02365333303766759,0.03308564506538492,0.041327677282143815,0.04292283067657543,0.049120615733762474,0.03887019947340242,0.05674304489400339,0.05764738260900115,0.03455654055230495
2020-03-05,0.021600945458936538,-0.03324160111590202,-0.02535497045689028,-0.0317124171105142,-0.03648823702630477,-0.036585297885704415,-0.04821894435437635,-0.04892640044388086,-0.031560021853956566,-0.018823202305260245,-0.022948220907201278,-0.015424889926485497,-0.023202177043797234,-0.03728807031302661
2020-03-06,0.00038096105467699815,-0.016531438967400613,-0.09157129509671458,-0.026018819290430706,-0.017356766698169657,-0.056184976524284225,-0.034026526326080386,-0.008756320154069464,-0.021138470659943898,-0.007899371896354812,-0.017105119632540022,-0.008128852109858808,-0.0053240835182625235,-0.01537272892443109
2020-03-09,0.0016502348575044845,-0.0780946017492935,-0.2531500202969871,-0.09359255540111067,-0.06664019384916664,-0.2014117046772287,-0.10724063171661513,-0.09220147315611316,-0.07591966055506649,-0.043548892806158035,-0.0706493417969789,-0.0543882812315184,-0.05198177898491252,-0.06297433595330881
2020-03-10,-0.02110133630677158,0.05174552839959912,0.11042941599661416,0.04060160853197381,0.05096800878943686,0.047436423232445346,0.058745900826662645,0.051847424252162266,0.06669945934128774,0.02871222936956319,0.0486305684645294,0.009297348816925899,0.03431065958340174,0.055291825506536885
2020-03-11,-0.0035603512879937016,-0.04874894145907871,-0.04143642588145724,-0.047533892374306386,-0.04297105006529911,-0.05288320189225948,-0.05424408681746651,-0.05868754816508637,-0.04723866138947175,-0.04905044263136438,-0.05357147857562139,-0.05027324885582929,-0.038211281737017155,-0.05468809388578677
2020-03-12,-0.0398882588306293,-0.09567708350086856,-0.05763690087455642,-0.0962777110232289,-0.09386386967657645,-0.12474008589354679,-0.10814338509520716,-0.10350114376314201,-0.09760492619756334,-0.09395635906437394,-0.08589120138800355,-0.10093720662648731,-0.07465611162984631,-0.10105453989504831
2020-03-13,-0.03051623730778741,0.08548633088358915,0.06422019552656755,0.07017922836103474,0.08990105668341819,0.09229717730395204,0.1315659321668199,0.07810884296260223,0.11731940773566607,0.08510662558557947,0.08780035572567568,0.05448887795426316,0.06935600032484923,0.061864316416119225
2020-03-16,-0.011446115323986206,-0.1094237415479874,-0.13074710379662402,-0.11008370884071506,-0.11279510316235286,-0.1360670711317643,-0.13709340093751465,-0.11344146234257446,-0.13814017278386903,-0.06783243475017375,-0.1600113280483655,-0.11357731288004591,-0.09861034455131767,-0.12668638729450776
2020-03-17,0.0135554799295321,0.05399203548590159,-0.05619837055684329,0.06185059759795508,0.04343586658513976,0.006832161795884639,0.05429839596617203,0.04605724084419993,0.06808176631537344,0.08432810766557752,0.06068773640958769,0.1279342729343942,0.06277529561439432,0.038504950364203205
2020-03-18,-0.019921988429849713,-0.05063288721296966,-0.17513134734137814,-0.063936080576946,-0.033208443180493874,-0.14357135973517543,-0.08488294402172236,-0.07366787644522488,-0.03767745653536014,-0.025690368915889383,-0.0702480381519518,-0.043531030819330074,-0.03316040238871598,-0.05744767013752006
2020-03-19,-0.018905499074657994,0.002124934374169607,0.14012735500354023,0.025522309894816297,0.0179002037173579,0.06797326997972286,0.021886348993519933,0.0007397325679094902,0.003619881819604487,-0.03336331448219454,-0.015726318209320356,-0.05820478648841321,-0.02048370653389575,0.03487670660171949
2020-03-20,0.014995707221804766,-0.043094265226175765,-0.0800744576354595,-0.035790366554352304,-0.04420140382561355,0.00976174798114049,-0.03569617468479236,-0.05008307783317856,-0.045824757088220314,-0.06476165529692057,-0.05661699846427204,-0.07932203005413141,-0.03841908572506747,-0.029723591666481752
2020-03-23,0.044179590424960224,-0.025568154275122712,-0.012145737264080192,-0.05097755464455567,0.00531052167392021,-0.0681583991346717,-0.05818355528788277,-0.04380061064052021,-0.009134509344893016,-0.029592881017561412,-0.055568044168829545,-0.05102885473860952,-0.05193865250175678,0.001647880439395788
2020-03-24,0.048530353360380474,0.09060326042244893,0.02049178325562906,0.1176010156249041,0.06150799402115137,0.16037319063243904,0.12400946770853949,0.126512191919109,0.10241478554568073,0.050997134035837055,0.08719566708166449,0.10750061704220903,0.07705664330662176,0.0937963891015563
2020-03-25,-0.01368964099270864,0.014970328538823185,0.020080302058145927,0.023331797582749836,-0.015420201479006801,0.04716639610154205,0.02720366887800485,0.05260295193072162,-0.0012886217122513033,-0.002739168905873446,0.044436572769453786,0.025522524635848143,0.013313377406950266,0.017547506686843573
2020-03-26,0.012822223412266576,0.058389631122730545,-0.04921259916429599,0.04696769617592311,0.05695298761892831,0.061103269256174375,0.06277590802773503,0.06311589000817386,0.06192767149183864,0.054738145007044325,0.07678983963306218,0.08524409989433446,0.06642937755370193,0.041367203082461446
2020-03-27,-0.006460489804721581,-0.02978543278242518,-0.07453419031074782,-0.03615001522689376,-0.03996411416689627,-0.06778538645742926,-0.03045695686216321,-0.042127254857759144,-0.045194820930412605,-0.004650320546599418,0.0025699942470482906,0.005417102762388382,-0.021416238514647024,-0.03351390634359708
2020-03-30,0.004400644787818209,0.032475250318759086,-0.05369122648389968,0.031857236804206934,0.03648260426465755,0.010236529200177813,0.019038446240614126,0.014603481227615456,0.04211727128930165,0.039058363313306144,0.025953347237787305,0.03699681500414198,0.04682940034305494,0.02090771649014167
2020-03-31,-0.03184668568859872,-0.014905099928627319,-0.004728127857288822,-0.013794586007397025,-0.0018051990861247535,0.015373692990429122,-0.027556992873871478,-0.012385104937008173,-0.018681365537656314,-0.02032377292974319,-0.03185525068579598,-0.04035329063112114,-0.004383864819738736,-0.020179619445941377
2020-04-01,0.009456223354449733,-0.0450049758688823,0.04038006526213023,-0.04507110451488927,-0.03978301350435576,-0.04955248898148401,-0.060998951144382585,-0.04507719844362379,-0.047654501582331976,-0.016890421720457738,-0.06064495139720327,-0.060097171575197006,-0.038044615743808574,-0.04465763239728138
2020-04-02,0.0163934225377782,0.023075426457712434,0.16666666666666674,0.01511291319290109,0.012712033246038867,0.09160024723328997,0.02506411984375112,0.013309750479914673,0.023386432619978637,0.025583681879973508,0.014766317357644887,0.03129780354964229,0.027696258289869213,0.003735463659415128
2020-04-03,0.0049374590529023266,-0.014454006957028809,0.15459881432717393,-0.02404948776684923,-0.020223229893589934,-0.010613589444594895,-0.019960276648838926,-0.013309958010290668,-0.015447517595338467,0.00782962591490377,-0.008460071945549097,-0.035747574363837686,-0.009021306647327365,-0.017437544432041152
2020-04-06,0.027710521817620126,0.06716625823311939,-0.07118645245848754,0.07439590673123608,0.06595477326875421,0.05296679056648723,0.07179235283472507,0.06922253583291393,0.08532143716081819,0.03721784270355166,0.0723548738700952,0.07723516799674557,0.05243147336436227,0.08321598147626785
2020-04-07,-0.005354484768834378,0.0010192724876991743,-0.07116785860003216,0.026649168925836353,0.007345035853311588,0.021330808715838367,0.009976261115667295,-0.002324078478796565,-0.008960174298012769,-0.011496264277663482,0.0003182564825674472,-0.012547125627644151,-0.008212036472738604,0.014885083431701807
2020-04-08,-0.008907968786563414,0.033568650761069296,0.05500976907217425,0.048935810011322634,0.021431710875369436,0.06670836270276337,0.04374405362107536,0.0362728704323394,0.026883481439506918,0.014801645954314768,0.07508750927737684,0.05445636304947765,0.0411786764250861,0.03149917111792466
2020-04-09,0.026123560972308058,0.015217062595912045,-0.07262567500874206,0.04300204279509079,0.0073544244495753475,-0.00905896143099627,0.05362742550965205,0.015093243709792814,0.00023463253083888524,0.009376720851255627,0.05149448173475224,0.047168258233421634,0.005514016262435861,0.018035976607905235
2020-04-13,0.017140343933811808,-0.009129935308029746,-0.010040198904289532,-0.02197549596384485,0.0015029314822649908,-0.00324403908526949,-0.03635557969357528,-0.029262929035177687,0.002229846173066541,-0.007397188044906522,-0.04587660701344576,-0.03172788254365022,-0.008752272299189623,-0.00028096839240454585
2020-04-14,0.007868093580683189,0.029492639736373727,-0.05476673231802154,0.012924731669399225,0.029588558811777688,-0.004733901268733853,0.004438336272755361,0.019064814308410893,0.04192561580669718,0.04246105722833793,0.033332948237911664,0.02937182114294945,0.033191407479690405,0.03909968315095602
2020-04-15,-0.005101958505246418,-0.0212481171797555,-0.049356228885117814,-0.045936457482611104,-0.009371134666072867,-0.046967597051928545,-0.04330548188833416,-0.027662307323680246,-0.021805288044397964,-0.015793998549677113,-0.038538260442549155,-0.03298693249346685,-0.005148335196462406,-0.02192748869571337
2020-04-16,-0.0008649946516461338,0.004824271618185438,-0.01580128612566345,-0.005761227183992967,0.0039941383721351364,-0.042732601185756836,-0.017551529658795917,-0.00888033373862418,0.012179815793680548,0.006587915574077119,-0.0065320248320566154,0.00017041562918795883,0.02183794704265596,0.01199383362209816
2020-04-17,-0.019417471147623044,0.027015539638189034,-0.034403690544505316,0.04014901036021823,0.013609669376269284,0.10622383499392618,0.052656130798863554,0.04695556320684968,0.013281782249892737,0.015270973753785722,0.03227743471829103,0.03223057027607834,0.020763839134585016,0.029537911456875676
2020-04-20,0.007126124562213176,-0.017617798794478667,-0.109263666028241,-0.024671673354715318,-0.009088845998360462,-0.031222594912142965,-0.017418274622967633,-0.02662441339154553,-0.016020637828139894,-0.019669194925037603,-0.037058613803087836,-0.037832272357014474,-0.007938018010838488,-0.017444712992818245
2020-04-21,-0.006825274631933054,-0.030363535633057492,-0.2506666819254557,-0.024683838971354732,-0.03147813695280621,-0.017634446134648485,-0.03227272478122101,-0.023607945427322474,-0.04189891703385906,-0.021244814186514138,-0.014732339597282262,-0.016483533246931525,-0.030406114979024124,-0.02595509951400954
2020-04-22,0.019670860003665247,0.0221945484904007,-0.10676155104100682,0.019661234362171376,0.026904900303371226,0.035592663247300704,0.010803146939731167,0.010505299197211881,0.038502500729084455,0.009647090278865678,0.017394003292460436,0.029154968597061126,0.015267248699436298,0.021557992088806266
2020-04-23,0.00995486708021609,-7.17681270274717e-05,0.0517928744760372,0.006974474896102478,0.007126453947809752,0.0322771808065232,-0.004182330457487504,0.007920754748396819,-0.006865724078215618,-0.008872083338170578,-0.011397842376996925,-0.01679409502013085,0.005486571992471045,-0.00027176594364430873
2020-04-24,-0.004285520778353313,0.013939319667622074,-0.026515215484780308,0.015685401365713503,0.012695079307446067,0.002316414333973338,0.01446581418281978,0.00802220277045862,0.02120040060066164,0.010673053411048627,0.003640990017422796,0.0062113060910606865,0.013439615276207517,0.016941399401561252
2020-04-27,-0.006640444141094992,0.01441811106352997,-0.14785987777939713,0.026674611539885484,0.008219970001681398,0.021663705601731253,0.034038599779740775,0.024849827617416054,0.008575105703374941,0.0028955117560427457,0.029020499048482362,0.010459360324787337,0.01286297261591196,0.018708365693961948
2020-04-28,-0.004456556273727319,-0.004598359248027317,-0.0273972334300725,0.018558331221833146,-0.018140829677642634,0.02290083235657492,0.010676132135098548,0.01870037149253223,-0.013312476399171547,0.005604586995270555,0.0008812824992070478,0.0037335377703811012,-0.020181104727968635,0.00393526231715291
2020-04-29,0.005533445721913166,0.026178245856025573,0.056337971413949806,0.025508420418977495,0.04837043528823659,0.07407407161338031,0.029049020443148166,0.019135198070938664,0.0410430823799004,-0.00422220576489496,0.002641723629781767,-0.009129245505085648,0.006631014676290459,0.0220382983902343
2020-04-30,-0.018116569301821484,-0.009310866268056439,0.06222226884629989,-0.029736399781969958,-0.00435654597967583,-0.02213079931789319,-0.02523494830137485,-0.019844220555098935,-0.004464961760230479,-0.011872439220135034,-0.007025831982585773,-0.02303385765868704,-0.00459118481159726,-0.0062216966077314195
2020-05-01,0.00617125761149806,-0.026473144688080597,-0.01359833773376884,-0.02101016267804967,-0.013922194001769306,-0.0565791715134456,-0.0320317240855621,-0.030213428017070054,-0.027458842159455266,-0.010985262222278025,-0.030660301626599606,-0.02410064291880254,-0.019051512275916838,-0.03739285728485464
2020-05-04,0.003504803873276119,0.0027582193978021863,0.04294800846919422,0.003544093678352178,0.005849400672362837,0.03458898251870646,-0.00906608358327754,-0.01268691974262448,0.013273308516555726,-0.0005206705675022683,-0.0006083902313053224,0.007515972756830802,-0.0005112254522202653,0.005434790736308592
2020-05-05,0.004241037483481591,0.009239528734530378,0.09354347460351242,0.0025505277516872926,0.005213408137076936,0.0008085528245977969,-0.003202329670882742,0.0039038265543487327,0.013765398902841675,0.0008682106035056147,0.006390646300361791,0.00817074904696713,0.021681553092694816,0.0036332152481715063
2020-05-06,-0.012855591040204617,-0.0067789786645765515,-0.03068339564803524,-0.01722092379033613,-0.0027926419347782394,-0.026131562913367712,-0.021569461094064768,-0.013771750135227467,0.007774798528785265,-0.010929825213839894,-0.01844558121523754,-0.03400270795794158,-0.00990980911315198,-0.0001765712156455157
2020-05-07,0.015350754880484763,0.012067005712087964,-0.01822547055936541,0.020509527218049328,0.018803659006731754,0.026003166704967162,0.023452345820042186,0.011663967162632849,0.014995298013877667,-0.0028067260952043815,0.008934017675703343,0.00401230231085048,-0.00010124707296998992,0.01571867223794765
2020-05-08,-0.006010293229887331,0.016546289491244037,0.04885198014381986,0.02400001602638735,0.018260441362975444,0.045564569935898414,0.021539800137368337,0.024845862284230913,0.014666396101257417,0.02233966605925608,0.018320550081399434,0.020163583309890765,0.005156594833744643,0.019474971388337314
2020-05-11,-0.006233636774804485,0.00020503008655192723,-0.013972950472986079,-0.0152439302732168,0.0005785658638368663,-0.01753512964030468,-0.01929120828379305,-0.012517792592137478,0.0066469997695719485,-0.001376408038718746,-0.011993894547953077,-0.004273508780540669,0.01720151569663364,-0.0022173964670799684
2020-05-12,0.0038890673962401756,-0.019931608015293367,-0.009447367133617157,-0.015286373976999279,-0.01946429916733139,-0.017585010262328615,-0.026074854903661016,-0.028080967204694662,-0.020647728993542058,-0.008442387220227165,-0.042488687423194116,-0.00876245587322777,-0.015229360424446337,-0.021880158723001752
2020-05-13,0.00962264814750724,-0.017685826254028925,-0.01764420333810579,-0.021025735519105138,-0.01709896459825533,-0.045418103535194154,-0.029591496441945253,-0.025095022903521058,-0.017230094788655115,-0.009035803586393998,-0.015847845173285302,-0.008479243279320259,-0.010845403618657379,-0.01721439771469291
2020-05-14,0.008850059782004704,0.011967284929947253,0.041262153676187685,0.012244156001169237,0.010797659051271502,0.01119524959582563,0.02565358677329166,0.010499723635739144,0.012740586731661452,-0.0024548293464708992,0.0012882703658632089,0.010735122713880996,0.010964316051639944,0.014937159772077324
2020-05-15,0.0056438144895878395,0.004596835797832544,0.04382277824125236,0.008724815306094591,0.013847752534606128,-0.00387501280715552,-0.00660696542844641,-0.003519278996755637,0.005054136982845403,0.008788856228417519,-0.0035382040014472205,-0.01332128441393321,0.008435267250660017,0.01165155969387599
2020-05-18,-0.007564144999551381,0.030459508041769556,0.0857525738558802,0.0456063586056894,0.021073133476966266,0.0816893546105053,0.051306241658224394,0.06592657286878256,0.02449957303875694,0.015856686089379624,0.048741365631642,0.0410508709072861,0.00826556721259486,0.03784210636696028
2020-05-19,0.00965020617044443,-0.010270962343246537,0.00534763763764623,-0.009588027283191303,-0.00019130286647783823,-0.027998883393742124,-0.024401139802032845,-0.012780038854096842,-0.0036549581938808418,-0.018353568877487958,-0.01939055366091702,-0.016474123486978187,-0.012049402343033422,-0.0035878077892183002
2020-05-20,0.0023742810342795018,0.016988197289109497,0.03682486083730252,0.01594524058223623,0.0277144900826225,0.039904911985080505,0.022232561211394275,0.01869911190346829,0.021905583675394746,0.011881954582111609,0.009416126544175452,0.005524036577511771,0.0011995214292555012,0.013063066560396797
2020-05-21,-0.0145763375976391,-0.006904080018152459,0.04972376563909209,-0.009529066662702146,-0.007067404509503605,-0.016010219036602602,-0.00317166686445447,0.0023533238082242836,-0.01394895382846284,-0.011051731898259032,-0.004975366724866204,-0.010101192782043245,-0.007388994047754838,0.003554428629512607
2020-05-22,0.005916836449104457,0.0018992772282317993,-0.038721829769710614,-0.0015092406490752053,0.005993660919665356,-0.006198294390395431,-0.003636322723208907,-0.0007825995592329882,0.0036404289849532034,0.003492480160227851,0.021875111344268117,0.011099496629679573,0.002112549522084173,-0.0014827284388986284
2020-05-26,-0.014214859559966153,0.012320554511242365,0.003519755716153039,0.02739465738190372,0.0027928129711980443,0.027806453877857518,0.052007049794554616,0.04197978512337741,-0.001036231496369,0.0053938656356908865,0.03180434662285836,0.006550806258662556,-0.0018068555028720734,0.01583762899597496
2020-05-27,0.0018024320171106112,0.014878665893831355,-0.025720960691224315,0.010114134670367925,0.007055446662503906,0.012895060434807704,0.0433649302578365,0.0333734422385068,0.005706014171767304,0.015057403797589686,0.021339735627206036,0.011961195237961686,0.010358060870718111,0.017133553917755506
2020-05-28,0.003350344766475555,-0.00184471556944521,0.0012000274658203747,0.00928430807470404,-0.009402703525246636,-0.027957949308755725,-0.015793809095548395,-0.009455854955310428,-0.0019597989784051473,0.008866181674414442,0.011317238977817112,0.029549936248228104,0.013038608373517446,-0.012134653850488064
2020-05-29,0.0073584122707384125,0.004455956612777978,0.033959187007717606,0.00018040543845998513,0.005397453005840269,-0.004622565011224933,-0.011401969755203911,-0.006168354631679085,0.012609665334166076,0.0010136863821039732,-0.005738663015201317,0.0077664010559812535,0.012084969366101816,0.0036367643603940625
2020-06-01,0.004603768848692402,0.004041701657576446,0.013137564281815006,0.006853321499801446,0.011477255873401315,0.017544115330565768,0.01153347407781169,0.002216529292456748,-0.00030604267892409,0.006922307657133642,0.019913328249525186,0.011894563816506887,-0.009901947017164403,0.009501608058506639
2020-06-02,-0.0064768271714218395,0.008280037443561428,0.03241801692331858,0.018090596112795287,0.004026160825601144,0.027890179443461616,0.008023896222893345,0.012975465410603793,0.009393458342281447,0.0026825824525924524,0.006508285916836609,0.0064572542201766225,0.0057847328006328524,0.00853458718520872
2020-06-03,-0.01845018380928054,0.013308203401138252,0.0018471054663047326,0.02269509663115743,0.0030987888629607774,0.02935366416511842,0.03728516784458735,0.03901016871550356,0.007788554326041419,0.0013378142811246718,0.023896476659356125,0.012008425324179006,-0.0019493965939795244,0.018901988227347566
2020-06-04,0.010526269495827023,-0.0026267690761574425,0.014011768031248373,0.0036126829449221187,-0.007450384658001963,0.00023962656043829966,0.02180917228447199,0.01064763141545444,-0.008230388639862696,-0.004842865512985295,-0.018671048151516656,-0.01788021734068701,-0.00791177616551586,-0.0050452066473039014
2020-06-05,-0.02027532426346157,0.02562953608697982,0.049818212335760004,0.025539891272713833,0.016294266931752066,0.07426943213933068,0.03715454225492554,0.036733757331539385,0.026313233415094617,0.013928594404113204,0.03665344390671299,0.012743806810461278,0.016146357619766905,0.02395084230995992
2020-06-08,0.010822142733466267,0.012087398943364747,-0.01731901577642203,0.0013372029421039322,0.01873534480461636,0.04504893761487394,0.01905486606567308,0.020056277549088897,0.005029076763316986,0.010758078771815782,0.021862393810434755,0.026801985313493093,0.006879079650734976,0.015238135605400105
2020-06-09,0.00964183116931494,-0.007456524182074431,0.001762398152325817,-0.01218477170235066,-0.002475741806762022,-0.037558578036439805,-0.021316319330136335,-0.02490500503735904,0.004709651590690367,-0.008187437714528678,-0.011621689895539578,-0.020054117415866157,-0.010392469511080638,-0.007804694465745832
2020-06-10,0.014324773012967418,-0.0055799637759051945,0.0003518729364879736,-0.011321696615049559,-0.003013356776427001,-0.04922407791530281,-0.037447643678551135,-0.023928021669815114,0.016699353344588053,-0.002806742349172886,-0.018706480848709184,-0.005847046629486541,-0.001555850898313782,-0.009379198153796175
2020-06-11,-0.007214084989501601,-0.057648904532672685,-0.07281040002125405,-0.0772515426056738,-0.04605277725565693,-0.09421639301915763,-0.0817786284577362,-0.0702380486162304,-0.057343463455386656,-0.037913843980297623,-0.06181946238265845,-0.039045867025336745,-0.05560977493696828,-0.052378568175718065
2020-06-12,0.0014163170663434865,0.011975507772080674,0.002655527056275364,0.01944797412578292,0.008760249449789592,0.025232175149739522,0.03026399119297629,0.019404372848601747,0.0129409646656653,0.00017204233925238732,0.03164047422334493,-0.0025503009587505288,0.0064971194516281194,0.009910571398523027
2020-06-15,-0.0017832572551969017,0.009335628123793294,0.020809656856221936,0.010537690352479423,0.01607582690212883,0.003013383687790361,0.013848135795093697,0.009880955604948616,0.00965688791310626,0.011527685137708632,0.012661826539047016,0.006817880371965623,0.0022539896130466808,0.009494336036095063
2020-06-16,-0.0004928345355281749,0.019247633766499073,0.02446255962231958,0.020855687649465215,0.00818304576693829,0.02879328094988809,0.015728344312360143,0.019568255222951914,0.021321235726580845,0.015649211480173175,0.016670980819405656,0.004570882226084816,0.02463703388459182,0.02102263614183264
2020-06-17,0.0019106166939522051,-0.004153975316081304,-0.013024555389019254,-0.008277368582600308,0.001262618736247445,-0.03407192726473729,-0.015077451557915067,-0.007197191732467578,-0.00019558997232271835,-0.0015074861134757311,-0.011751651526028861,-0.0030333895510064046,-0.000997801481243732,-0.002631703013032727
2020-06-18,-0.001968455156468263,0.0003851969635515484,0.022360655705611743,0.0007102444847035816,0.003242556701725574,0.012345629664541002,-0.0012412600404335672,-0.003696041510027559,0.004488455556017401,0.005199653351470213,-0.012444791713931203,-0.0001689659331101101,-0.003395362030883753,-0.0036476803093127286
2020-06-19,0.011032995719469696,-0.005714669822380669,0.012190755110381257,-0.0030168331989364194,-0.0026933006020033456,-0.015181460104142785,-0.006627842776390169,-0.012269513114710029,-0.006896654506632127,-0.005172756809190937,-0.010081215087986206,-0.028064176619420067,0.009620089223883577,-0.007789582344949864
2020-06-22,0.006462217682632332,0.0064148098449916535,0.026567481833568163,0.003704726596994723,0.002200905817397958,0.004632616913118781,-0.004952327211782626,0.001682844466072364,0.018841003140206203,-0.002856687626798804,-0.002850576756186163,0.009751849770223142,-0.0038375771663243796,0.010276807274786748
2020-06-23,0.008419646377624934,0.004603936650239282,-0.008971712663518261,0.002318277904455268,0.006480698115154171,0.001019408919389564,0.0046394370860076695,0.00014478138852092037,0.007219958209811139,-0.001525607563075737,-0.003716613053916351,-0.01007457907215048,0.004302750519327603,0.007866340899326696
2020-06-24,-0.0034839130582626776,-0.025508671306687547,-0.05118382132658894,-0.02917658891299002,-0.022536104101414933,-0.05548498889209308,-0.03526429022653299,-0.034757351942182435,-0.022555702048025705,-0.016808148706170645,-0.02553798838874599,-0.009124624633671918,-0.02610355981628998,-0.022024364121954854
2020-06-25,-0.0006027175913517757,0.010720159026261111,0.025321120515875872,0.012461236248691776,0.004391615981766961,0.019132306455345915,0.02654461187520374,0.01110255575209429,0.012809462661801385,0.007080061418648809,0.010600872778827153,-0.012395899702694613,0.00982102039612709,0.0013431419982450343
2020-06-26,0.004463149702982783,-0.02375097570387419,-0.02075876566283752,-0.013755550197751432,-0.04408823934790129,-0.03463791440060249,-0.042814714690951106,-0.0185484867453084,-0.019695131577854075,-0.020404795352771177,-0.017191192759402396,-0.01057911366766584,-0.012156587111531336,-0.02343724090781718
2020-06-29,0.0005404803669293301,0.014697366670537448,0.03326022759911118,0.01945303481928251,0.018486562460619194,0.013421120818039256,0.011071756946428035,0.032809101762824255,0.010931532413519296,0.01890425313253763,0.017195521261055724,0.018847367049713792,0.009024315997498311,0.018989799453345224
2020-06-30,0.004440918278166173,0.012809690216943448,-0.0074284042596687305,0.014401502118097653,0.01122763222798584,0.022972835497266253,0.013578845479537582,0.005709064206660619,0.017924933542420085,0.007386987812099344,0.014572885305547123,0.0037352339873824025,0.01707503455691972,0.012767535725973556
2020-07-01,-0.004481089931769877,0.0070046207877509925,0.010335029260400752,0.002129514979463565,0.024796588161900557,-0.02430630712427373,-0.008643213286534168,-0.004512007538824192,0.001627253909878723,0.0008526937816415447,0.027290955095892855,0.02339173373197534,0.007694545860204238,0.010101049836562348
2020-07-02,0.0021606086958432247,0.0055068847736694515,0.014109333797107215,0.01877095653923133,-0.0032502954054735023,0.011102096824237684,0.0013075884390818526,0.008626625887452555,0.005828220765467407,0.005111578319262788,-0.003355606938869604,0.0025974846984373468,0.007536653676529115,0.003953393073028222
2020-07-06,0.005988741319838731,0.015437363097708934,0.007304315981657705,0.01425357443105213,0.02010862944221614,0.0029458653075737917,0.01915560418657969,0.014352327309608448,0.017479036738453635,0.004916295432251472,0.0011223661755459524,-0.012262445169149427,0.010137806969877428,0.02370465786860043
2020-07-07,0.006310260659329048,-0.010313976221181576,-0.005870102704404467,0.0003425473815288349,-0.002841554363021248,-0.0317758653490654,-0.020503892230194887,-0.019151443514463184,-0.010456586650365418,0.009109310158648798,-0.016255870927572746,-0.004021482034757051,-0.008671929519944332,-0.015688270006562255
2020-07-08,0.006211565862881185,0.007648618226188342,0.013546348636553907,-0.014219449285252095,0.008904884320239281,-0.0008271929842935677,0.010466459473583045,0.0,0.01632194318643454,-0.0025076942631311328,-0.0005696202531645378,0.008953645905923846,9.826125079070991e-05,0.010651065253181269
2020-07-09,-0.0027044004055614135,-0.005692920692671022,-0.026387952354719246,-0.009384743425710718,0.0012357852919966383,-0.04940670941305825,-0.02114814507345153,-0.02171044112037135,0.003620782680019863,-0.007876564547028786,-0.0034209805543503613,-0.013398435724884972,-0.007862174625510088,-0.001137180912314295
2020-07-10,-0.0025938951172596036,0.010210639124859977,0.021823331311628724,0.017368659116049123,0.017277725591933857,0.03193975902119983,0.03439167734829507,0.012958001030526578,-0.0002774602129499426,0.018412152202334386,0.0011441316433540294,0.018871244390312736,-0.0023776323152672196,0.011917190309132186
2020-07-13,0.0012411575864292868,-0.008658919867574388,-0.018256998763672816,0.0,-0.020103953468951885,-0.00534631300064925,0.004262614700581313,0.004117166671549599,-0.020725556318709204,-0.0014927115580478656,-0.015714176360762666,0.0010385870398352814,0.005659910994609385,-0.012677292560667852
2020-07-14,0.004663568910189042,0.012958809740659438,0.01333330388654752,0.025176302346877844,0.009904520124385252,0.035077939563386895,0.005093337099897122,0.021672275647601102,0.011527014932992463,0.01461795422676948,0.009869790408057133,0.009337741726469284,0.019846054088272558,0.009952933860453372
2020-07-15,0.0008813320073604025,0.009187459354156324,0.014196737073238097,0.01682098564433465,0.0059544169497809385,0.021590658706823973,0.019847982195345226,0.02551251107221919,0.005417312129763596,0.0008184860370790137,0.0045987551433577245,-0.003940261480650298,0.012972885690554437,0.014293478652106062
2020-07-16,-0.009451688651900159,-0.0032933477059686744,-0.004438411200128001,0.003308586383418133,0.00174100700281965,-0.004547910231121888,0.0,0.00027975286601655824,-0.012355953573461864,0.0021265832068722013,-0.011730948953244336,0.012727772929225667,-0.0016246204687050403,-0.0026700061853014434
2020-07-17,0.008238009985450212,0.0028988563127627653,-0.0020575948647580944,0.008408897761880363,-0.002259431434671888,-0.013974777243761394,-0.008281477260669412,0.006007610490617266,0.004891514934851404,0.005387043563781724,0.01389685734250512,0.022588221210385173,0.013689547124665635,-0.004685375671556913
2020-07-20,0.004820170160796611,0.008081881315330497,0.0006873009450683032,-0.00866579554693836,0.01201883433644424,-0.016625787435674888,-0.004593295707005174,-0.012222165593814616,0.0255546839263181,-0.01006657528587307,-0.009423289284697378,-0.013120701948023616,-0.00018905647053057972,0.015989347743527338
2020-07-21,0.012050997596656066,0.0021273808273907235,0.020604342610894166,0.008741548014798317,-0.004819360179366794,0.060421314253456204,0.01971495632762288,0.013217144641497036,-0.010040326276234968,0.008692661416994651,0.00028837514065749303,0.004543976241171865,-0.0006609178330171384,0.0015444491841853925
2020-07-22,0.015202340363078104,0.0056924133272615585,0.0010094443922825658,0.011608885421228843,0.0010378503753651902,-0.012284317747189966,0.0,0.008048964543909687,0.008021556776585115,0.007967447403179895,0.01210395637366557,0.01541295631817352,0.008979040899121271,0.00859074958558681
2020-07-23,0.008825301770064575,-0.0119321301229256,-0.01142857655757612,-0.0030709828259036787,-0.01624031984905905,-0.001852055961104937,0.0008227145307695416,-0.0030288196746530716,-0.025976457903379102,0.0035490701878886366,-0.005125625159488223,0.0011549711395129059,-0.004496665565502989,-0.014996732091787535
2020-07-24,0.008578870839228259,-0.006440251988293455,0.0010200845563128613,-0.0034047725584201993,-0.0015809054369062547,-0.005567358182082982,-0.002466114683923548,-0.00800883904734917,-0.012113859638987146,-0.0012859746058142552,-0.004006785391938106,-0.0065920404215111805,-0.011009401150728015,0.0017738206562170067
2020-07-27,0.019753770786684832,0.007292517057118086,0.009510827928585153,0.014478659323668097,0.006860140465702269,0.0010660637470563117,-0.00824061818624977,0.0041761187992950255,0.01577940049641091,0.004989434881581989,0.011781777993386422,-0.012110348491644385,0.007516609712325151,0.006197379257418145
2020-07-28,0.008341131032750582,-0.006342366642027364,-0.012449493285099367,-0.021969076278835153,-0.010307369581992631,-0.017043848582834253,-0.002492753268780179,-0.006931328987879071,-0.011697543190030801,0.0036835675472899343,0.02016428186495456,0.0151136765600981,-0.0011335520713289249,-0.009898844581263777
2020-07-29,0.0075102306547618625,0.012298710354543108,0.007495717563717363,0.008197951213257948,0.009179074632102546,0.020861549054250528,0.018742106955265125,0.015215389496866294,0.014487403678271615,0.0014360937573825172,0.018931179340517135,0.004631738414375475,0.01049465661842075,0.010146043449364317
2020-07-30,-0.007400261112961215,-0.0035679350404861365,-0.021643537242256317,-0.01935275140020032,0.0027985984213880766,-0.03927824884796716,-0.01798838211646936,-0.010037379341299002,0.005600039035443816,0.0,-0.008196702770420283,0.0,-0.0069235152819076,-0.0008066784887529321
2020-07-31,0.009087931099623692,0.007902268807787438,0.004839246048102819,0.0009950450243232378,0.013954501875187875,-0.004696091811023817,0.000416236150477145,-0.0037494283669733397,0.024967528336888645,-0.000955976024380023,-0.0011018962968162294,0.0016469325175054728,-0.005747107039858923,0.0052096699356558585
2020-08-03,0.0011325390830079218,0.006951926183169199,0.009287941541043176,-0.005632912913641097,0.0008600322730050181,0.003608065123945181,0.0029132281255068726,0.004182057765012903,0.02463103920985077,-0.002711401709875716,-0.015995470093828845,-0.010850055051366936,0.010328739975350443,-0.0021170029152590697
2020-08-04,0.021277725496817057,0.0038625638292506537,0.014996609808088479,0.014161985027022927,0.006359599639857327,0.024336372924149252,-0.004149416320961885,0.0024988076492098443,0.0025629050605280312,0.012474176945606041,0.014853873764825165,0.010969070065439235,-0.004408149857717314,0.008046161658902262
2020-08-05,0.009283241730160707,0.006211231610138368,0.01511077384872661,0.014621235567760182,-0.0015370221406750817,0.010529170814422617,0.013749866095199348,0.01911100002322419,0.0037022830780772953,-0.002053496150208778,-0.007456177231442096,-0.01282288686945976,0.004616025636145604,0.012191058678988842
2020-08-06,0.01327406953286836,0.006684345088322496,-0.0016539608937370387,-0.004209723448517777,0.026342492721875832,-0.008014883370334291,-0.00041119192000538263,0.003804923306996999,0.014052281337351591,-0.00015827016437663932,0.0019476496997357096,0.0058285594068674396,-0.005345176400351925,0.004874744729050029
2020-08-07,-0.01588530528005727,0.0007180654844565204,-0.01093439099964022,0.00341453017557658,-0.0011665194049316208,0.001346649404225353,0.02138161306784947,0.017056747595942223,-0.014896741500429078,0.0053822469747693,0.013607493180223695,0.01804624591300641,0.0032056790038903493,0.001497940431466116
2020-08-10,-0.003458957447482147,0.0029890208803866614,0.010385241607394624,0.009723025892195425,-0.0033372748168331023,0.030930325205384968,0.007246531351591923,0.024624245928189126,-0.0028135471496509856,0.005195985678781989,-0.0016441969412239743,-0.00032515371504104884,-0.003383333175447034,0.011967417485703846
2020-08-11,-0.05369440853432983,-0.008255084650029665,-0.011273214665386111,-0.0017652316350156294,-0.01490025354941571,-0.003391500827349403,0.011590837463695935,0.005325820550379001,-0.017986162242163317,-0.0068921692921052324,-0.019209387256253985,-0.02163662775975317,-0.006317670529656372,-0.0019707574797341865
2020-08-12,-0.004668202325739945,0.013942495883563888,0.024815552605341074,0.005948501270570006,0.011896599973450828,0.009947502416499221,-0.002765648154869682,0.00323050686689208,0.022714914087025972,0.01293374570939454,0.012590743254981884,0.014466234721172144,0.016796384297275813,0.013259980869954724
2020-08-13,0.023618065792215592,-0.0018074848413242028,-0.005235597192677299,-0.00015979021380818637,0.00503893838726821,-0.019439939531397776,-0.0063392866364009315,-0.005280761464737882,0.0004391443645996862,-0.0007786041690744927,-0.011605173970217764,-0.0016390037114758504,-0.0013065891903204507,-0.000417760285307045
2020-08-14,-0.0043092158240957135,2.9554604284331987e-05,-0.002302621569164498,0.001118778262310327,-0.00016729276549865002,0.009516177187536501,0.003987194775583847,0.00388423051644482,-0.0007020288557006982,-0.00015555334733685644,0.002516113710132384,-0.008701180898394334,-0.001962331121072247,-6.952623865830176e-05
2020-08-17,0.02169391289315903,0.003176634624681318,0.014507106335787112,0.004470723361450268,0.0011700352657570967,-0.005760536197507937,-0.016679729491004047,-0.0046432989717216655,0.006673504575910538,0.005610695867008797,0.008923137540897352,-0.0013251230778774659,0.005898880326646649,0.012884130021329154
2020-08-18,0.009008003623491856,0.0021602481753975056,-0.005524864275751162,-0.004132971683940001,0.009014891199067954,-0.012641473310719409,-0.006462095891892727,-0.005442453070420794,0.0037511886260057636,0.004029765783329031,-0.0011052970035194676,-0.004477662602724197,-0.00027940319229957655,0.006187736226346052
2020-08-19,-0.0315654554884125,-0.004163907892336671,0.001960766836418548,-0.0028729590622688095,-0.0028127504610946374,-0.011469861377644275,-0.00040659334085924037,-0.0026059345776398013,-0.0012168898577898934,-0.007872822834646742,-0.020475997697491533,-0.002998534829083077,-0.0032588308482796036,-0.004715008096478512
2020-08-20,0.006913929262821306,0.003113824781865615,-0.004566190161291006,-0.0035216931805009954,0.012444097490453165,-0.02158676971031992,-0.009353313467868496,-0.005355630130305267,0.013312579420259762,-0.0020224801802984915,0.01073444320053718,-0.008855438750341227,-0.0031760205352207027,-0.0015102387331339395
2020-08-21,-0.008010905834894388,0.00354733184693079,-0.011140240743391039,-0.0057831805859768215,-0.0044248123009136275,-0.006342969213078975,-0.0020526507595006738,0.004070898067263906,0.012708154163411756,0.002494489103423314,0.0033541170541540044,0.0016857743178391171,0.0010306882307067333,0.00515674714995451
2020-08-24,-0.005658401286623649,0.010132962544538104,0.005632871920971727,0.017611938061797172,0.012181052358391842,0.02747721912802148,0.023858461970033717,0.01805152396745191,0.008648525707222854,0.008553439730721646,0.0013925726214547574,0.008751395445621313,-0.004587151312509086,0.01518706820018978
2020-08-25,0.0012154763574758753,0.0034994302671833566,0.01878087932981498,-0.003969627817753119,0.009432543622930556,-0.01404662758489561,0.0028123168294755807,-0.0012850465046670978,0.005043546113943309,-0.0021587903425008825,0.0030600518218073525,-0.00950949068307061,0.006771445194981629,0.00330207370228508
2020-08-26,0.011808847672626355,0.010025645797937077,0.00032342266679052933,0.010521223396996904,0.03415481104716611,-0.02109582223535378,-0.004807738467921152,0.000514594544251068,0.02032463397708706,0.0012363607350107664,-0.006933052283410568,-0.011116875636855594,-0.0012145004158841122,0.00987286786630448
2020-08-27,-0.011561927956646123,0.0021865121929707243,-0.008406085558244514,-0.002681764784724261,-0.012151205562076495,0.001959101318896206,0.01690846031498583,0.0036006293655455046,0.0008197885952767603,0.006173897733538158,0.013403941639936745,0.0032362656306759163,0.007856634057241907,-0.005386919245640387
2020-08-28,0.017380235053033877,0.006459488731452634,0.001630232700885914,0.011863473750232112,0.002365384852022645,0.017877130452238266,0.003958782194076749,0.009480858838253337,0.008763945845452925,0.008896970719324937,0.0077157161995884405,0.0028861442446150853,0.002227143426474898,0.006552615767357661
2020-08-31,0.002386259791001155,-0.003622677402030039,-0.004557271900314741,-0.015319789787684668,-0.004719985693868223,-0.021679337288909695,-0.011829847679447836,-0.012438161129310843,0.0031666670872583236,-0.002888914504313944,-0.00875040049955933,0.003047496457297738,0.002407171436256572,-0.002922769322343699
2020-09-01,0.0011902895553947967,0.009418819993441518,0.0009810558116531976,0.02809969268177359,0.008220022552799966,-0.006732304757370189,0.002793406922129371,0.010153059847229251,0.0191015391633218,0.001067413526416594,-0.0016552827385578617,-0.011476989398846005,-0.008959929030996516,0.01046040777100754
2020-09-02,-0.013131628719242117,0.014463877280521453,-0.02450179630987559,0.022699229315318536,0.021323504929336545,-0.004800727934241911,0.014325560322721032,0.016539521236059507,0.008895283748291627,0.018126546848764136,0.022382351046027704,0.031073939485577684,0.020039391126397632,0.01384696003212893
2020-09-03,-0.00810423703378893,-0.034414126780410004,-0.007367756738318687,-0.027630995139926062,-0.03392713962474592,-0.007378167697776661,-0.015300015389083987,-0.028035265245254792,-0.05699440973694103,-0.017205410370543683,-0.01675710112499218,-0.011260037692575109,-0.02722969763971883,-0.031738118976404106
2020-09-04,0.0027602959130217375,-0.008164585460397333,-0.03812412901605011,0.0006211305686218971,-0.01827432871831336,-0.003144343438510111,0.007569708369158379,0.002317976617973505,-0.013941016305444087,-0.0022832734250324282,-0.0035733983505690237,-0.005694135021253488,-0.0071387169497360015,-0.011552724873897358
2020-09-08,-0.0019269219593246456,-0.02732314208243647,-0.06173273289204961,-0.018777371342312055,-0.02638380078497715,-0.03642102122279489,-0.025701933611186334,-0.01875658199126662,-0.045208372506550853,-0.021055750047383914,-0.01268969741923831,-0.005558628080756134,-0.016461635781855,-0.01311497298529285
2020-09-09,0.00970825655471863,0.0197470399571531,0.02467289149204155,0.02577912607183408,0.011970099191711547,0.0068450479707131695,0.010146029348518049,0.015448743443142732,0.03263001018025058,0.01449464155022362,0.01089666153478408,0.013211508264434402,0.01769910653425466,0.01886646374549339
2020-09-10,-0.0032231430104036063,-0.01736322277277813,-0.022619443098731096,-0.009404963648820708,-0.0147855888743611,-0.03665393226014113,-0.014061753065440552,-0.012764081727373311,-0.02258286888292671,-0.012290547409932184,-0.014095985087611784,-0.017218298941526156,-0.015312032124258912,-0.01432710804084203
2020-09-11,-5.486005292487661e-05,0.0005088267722257456,0.009331839919986873,0.012762573852827863,-0.0031683865815254064,0.0009204897821266655,0.006927273649324883,0.013582477518669034,-0.007643204277556381,0.005599832354405532,-0.003364138171047304,0.00238129896384609,0.003935394060788022,0.0015086048761967508
2020-09-14,0.007892586821005798,0.013171457277229237,-0.0036982388344632966,0.014446275471427628,0.003847560004967887,0.007664033363260492,0.013759828844162048,0.013529153081692114,0.020981063453684667,0.006496336075736409,0.02447265348680161,0.013745201217263192,0.014341777543102063,0.01061103966089405
2020-09-15,-0.0023927480714920346,0.005052288596354648,0.02152932116585582,0.004847654311646021,0.017830251294655985,-0.0073013339255922904,-0.013573065782109595,0.0006356908708013975,0.009884816719196055,-0.0013830579537497112,0.013179628774494523,0.006695614159816676,0.0013195655830533504,0.008196652236876822
2020-09-16,0.0028345831622316187,-0.003968720790085145,0.04287791735275537,0.0007539822836291066,-0.010805452533966697,0.040147065797462744,0.011331723841403019,0.010163959533176392,-0.01545472907730605,-0.004463031789330718,0.006503999373781433,-0.0013304115568196773,-0.0016944157371273638,-0.005576678851988537
2020-09-17,-0.005489995652194879,-0.008795239728752846,0.018466855930584725,0.00738153658942875,-0.018371474269172072,0.0014732901907572593,-0.010404427054942489,0.0020121923969596,-0.008284619288218442,-0.006337813098738376,-0.0220786270008827,-0.00815830991090516,-0.003300158401318698,-0.014054149933419025
2020-09-18,0.0013117087099276947,-0.01151257447485543,-0.005815945226010033,-0.01719760857277597,-0.009610391847354016,-0.011179946757769454,-0.0020219402533910857,-0.011170870870464089,-0.017235270464347585,-0.009178623043842093,-0.01982396971374889,-0.01762619353815964,-0.0015138305011112019,-0.013911724673719594
2020-09-21,-0.020087296599797022,-0.01112972994656758,-0.026496853563863887,-0.03366350593729994,-0.011703427088883056,-0.033145694433636685,-0.02505561677939372,-0.0331954676412215,0.0083129390132759,-0.007628701249363989,-0.026761120110768588,-0.006222150708277585,-0.01847365211676999,-0.01444461353767279
2020-09-22,-0.004846314367596194,0.010184501267000323,-0.004241811076348689,0.0018983508391110515,0.019333729489907858,-0.010322225745719948,-0.008357937987970465,0.009885342453703538,0.015830627217522153,0.005888739732337944,0.011904658391627576,0.006243704861858879,-0.002132222740674816,0.021129350425004967
2020-09-23,-0.021606497297661065,-0.023190866590268033,-0.004969804375905995,-0.029369922939407433,-0.02387793874480515,-0.04519607157268446,-0.022334397031278375,-0.017880319861705685,-0.031167917471262574,-0.015031475448705756,-0.02869434040877894,-0.015339414474427215,-0.010295191083056654,-0.01640128046205014
2020-09-24,0.003718800733685912,0.002665188030536836,0.016767723932965106,0.007157834434236676,0.0019084445188413124,-0.00033102954904395965,0.0021549383846946046,0.0014617736465323272,0.005602642648045997,0.007389499287624002,0.004726681493034901,0.01120229848644283,-0.005004891212161411,-0.0004224791137098505
2020-09-25,-0.0028499771605223767,0.016167026868758816,-0.005263144509834117,0.008883893049921987,0.013333178583794236,-0.0006622783317853376,0.01032259514870848,0.014994533345931371,0.023903833881270264,0.005262111183574225,0.019406037595232295,0.016444446167685145,0.016076389633419952,0.013022068488691252
2020-09-28,0.01006056066236427,0.01660943356860778,0.011992950547193848,0.01617058815593242,0.013328792167668801,0.023525688184191207,0.02384005404277234,0.018041856562310166,0.019132617989269685,0.011262765361594873,0.017306161105442364,0.002554536617936698,0.009027270613288119,0.0209141961621091
2020-09-29,0.008432402483858015,-0.005446088002337368,-0.0345067881732154,-0.007405110348099986,0.0010118420032061426,-0.027516966427547307,-0.012473963134902455,-0.00886116453949648,-0.003358556862779416,-0.006588139120095149,-0.005103363858241616,-0.0003396964267573521,-0.0012505553899607724,-0.007758588101389741
2020-09-30,-0.006004867330144381,0.007582113218334685,0.02129964391110306,0.010158576907958627,0.000673902013687,-0.0029958923070608767,0.01347370066729403,-0.0025911338262437633,0.008381469330264402,0.012158425261994621,0.0051295417763523865,0.009006079998441052,0.015989282878053235,0.008162463735968073
2020-10-01,0.008920516455577454,0.006420175784995319,-0.027571603443017012,-0.014141997939809858,0.014309777106694455,-0.030717922219505644,0.0016615176903123086,-0.0029880499487989765,0.010540168473714973,0.005616377364058511,0.016444510899220388,0.010104193959844965,-0.003412783218251003,0.013062721397584243
2020-10-02,-0.0008953758525005462,-0.009494650863192122,-0.042166479017119896,0.008925718007515293,-0.01975108140398163,0.009644937513728635,0.007880700275067154,0.011205312416290525,-0.025354114773413317,-0.005585009841208355,0.016178655264933672,0.011837398111662845,-0.00913252570187939,-0.004230972966663971
2020-10-05,0.004872915921881216,0.017732921618621722,0.05996204557238527,0.019115398149102125,0.01642399643308501,0.030023977598284013,0.01646084161907546,0.01610629766457561,0.021924467002575776,0.006708405116633065,0.005489728979182873,0.012522613175121489,0.020545476677875207,0.013219134948739386
2020-10-06,-0.011760774579356315,-0.014216141866883691,0.01646971283374521,-0.01255625103180913,-0.0209895486503906,-0.014905733296199597,-0.01012146125941249,-0.012173883497884397,-0.01549477630273921,-0.006508436848734145,-0.008462756588174858,0.008462308361827597,-0.013264569637800316,-0.01850507236873189
2020-10-07,-0.0004512229536247636,0.017406921127115726,0.0,0.025745400764654036,0.007316611282907504,0.014122649941179732,0.016769100322504338,0.022080004212468918,0.018332893142379625,0.010762630392314732,0.002753335018423453,0.006131941564383903,0.01887691777163858,0.022855307356997256
2020-10-08,0.0035549310375408982,0.008862530478678243,0.02641775329778495,0.010101252313163833,0.01300694679188319,0.037466642822139296,0.013676584838372197,0.009921850006855193,0.00518003760412622,0.0066356657914203865,0.016749189718326063,0.018284069299508765,0.004865623309523004,0.006564453288642413
2020-10-09,0.018161347296547614,0.008930125897708807,-0.015442651510510275,0.0077273686756664794,0.00600275519188509,-0.015979443871475985,0.0011904465605725445,0.0037310900032130334,0.015291014350885535,0.007818364420597801,-0.002700728268795305,-0.00015777099779568093,0.009032594857777188,0.010407538430975194
2020-10-12,-0.002871682500567352,0.01608760611513982,-0.02161034603319023,-0.0016537135112927315,0.026355164248272,0.0025980472785456232,0.01109778916785964,0.005699403715909268,0.02729251942832689,0.011560897683990268,0.005144778326998445,0.006301250144316928,0.006828937105042732,0.013299258953836546
2020-10-13,-0.015728823528417535,-0.006526013270389375,0.013893815243622765,-0.008885943970518673,0.0009689634191516472,-0.015548797160173322,-0.019208169985661883,-0.011087955097597413,-0.006398979903945445,-0.000751812096714044,-0.01697194231180177,-0.006887972322159541,-0.007607467399094681,-0.00019290804890403912
2020-10-14,0.003094772946095059,-0.006283445476208072,0.018271274578057772,0.0028872364023815322,-0.011939304176917465,0.00427774083468857,-0.00959200532247606,0.005606292696777704,-0.005298687472402364,-0.005116591153828121,-0.011510246302419147,-0.0012610446446382761,-0.005819043430070336,-0.011068237798285585
2020-10-15,0.003646120384284801,-0.0012358734904145408,-0.001380228047292209,-0.0028789242674369664,-0.007674657893357084,0.012123148370860148,0.007667197268845571,0.0035923829678590202,-0.004507377999170337,0.0006049579077493927,0.0047134802404131815,-0.0006313184430608576,-0.00724618855662329,0.003709061144415715
2020-10-16,-0.0034652086045857677,-0.0006046711222110757,-0.007601977078204203,0.006989890522322018,0.0001645829944423305,-0.02266113344141374,0.0008011087586354826,0.007283285877214052,-0.0028814912270251902,0.0003022629200652993,-0.0035874384586800367,0.010739193382880208,0.009919687378231457,-0.009076400656695127
2020-10-19,0.0005047466985432791,-0.015203066478626237,-0.0045264332825437625,-0.01161906964885795,-0.017933754887894948,-0.02119899701907002,-0.01520603797451936,-0.012377444509565683,-0.01832879248429309,-0.012996825474695495,-0.015784825752540144,-0.008437605280198546,-0.015845318553729504,-0.012299517356889167
2020-10-20,0.0048209014703402,0.0040059325816810265,0.01608950968931766,0.00229002491215069,0.007203841475009298,0.01184441199368802,0.008126659710173678,0.005211324204211998,0.003448023575872927,-0.0010719300026148515,0.006752746724400627,0.005988039169717796,0.0013181670165738346,0.008014909439324258
2020-10-21,0.007531414803434222,-0.0018929550100489356,-0.03270219898590765,-0.0038080093006839233,0.01679993799460222,-0.0190635279392537,-0.005239860931035345,-0.010122077855258316,-0.0015086835444793056,0.000919975201954859,-0.0036331770842085165,-0.0026629121485999274,-0.004983589857545767,-0.005454031493706268
2020-10-22,-0.009800687777642647,0.005485113395156782,0.01459074170271113,0.0055045411784862,0.006543499823025156,0.041254747827017324,0.019854148381281078,0.00823023580623361,-0.0047006257911664795,-0.000459564812746005,-0.00701276553396879,0.01413532878113366,0.015119906604084798,0.0020483811217073544
2020-10-23,-0.001062475196895396,0.0033954060315497525,-0.022097546932918544,0.003649669113710008,0.009426275729735423,-0.004911711293763221,0.0031783080310752165,0.003958218430402782,-0.0010964086497246006,0.0018384995585383201,0.00649713274804431,0.002787730627280549,0.0037238681509510485,0.008769465620657835
2020-10-26,-0.0005037860400700644,-0.01848027132857577,-0.027618313256572935,-0.025000016040005124,-0.021896692817809815,-0.03586719388360726,-0.02257419535074412,-0.025009004015765557,-0.021698667652407355,-0.01284601393662399,-0.01206843964291704,-0.00030870994459064605,-0.011129618488831983,-0.019216795760989003
2020-10-27,0.0026323226696718383,-0.0034472424382195888,0.021394316143415804,-0.009479429277198137,0.006419727181910195,-0.012969247375322568,-0.018233273642606407,-0.021860265841832427,0.005005332538559504,-0.002633666169459148,-0.012784236197785903,-0.0007723592287065539,-0.006846834731068285,-0.00046689391241183653
2020-10-28,-0.01614344386479838,-0.0341788222873447,-0.04983752407002984,-0.028239755104958686,-0.0392540537673457,-0.04183962490366089,-0.025588424968881363,-0.03281214511421837,-0.042421485420486515,-0.02920150080794648,-0.02215805483121469,-0.029066340215021746,-0.031731142663427914,-0.031603703109467585
2020-10-29,-0.004144728133141373,0.010163308446360597,-0.026985902656202376,0.020665330712836605,0.025195503975673494,0.030674818193729747,0.00762387760637373,0.014558384477831199,0.01668030801348186,-0.00031998526621912493,0.011477173170330923,0.0027070111288631793,-0.008192710551366389,0.006334076080137807
2020-10-30,0.004561020978312902,-0.010424812917311899,-0.013671889697434159,-0.0006327728088407758,-0.016937793054331185,0.0056023849398552095,0.0029426918991473094,-0.0011848573424356745,-0.02213991988333963,-0.0035211050053317594,-0.006400924542517505,-0.009369636992106245,-0.00029490302472257035,-0.021825184236659134
2020-11-02,0.009704919089013941,0.011208080548087418,0.040000009064627084,0.03323842322046233,-0.0005067756068121154,0.03412263231038115,0.01885989792615539,0.027020045041583618,0.0025255705862945454,0.015901067166280702,0.024597686284463904,0.02196219110013331,0.018001410793434758,0.007134157764971283
2020-11-03,0.005676996717700833,0.017656368974123815,0.01751710131238804,0.015625062840546988,0.014872435017248886,-0.005723742138364685,0.02221304686259029,0.029517274112414338,0.01763538713677759,0.01644255415715179,0.015718755787961447,0.014431423717860659,0.014590674226547362,0.022015498221053642
2020-11-04,-0.0005588578456844351,0.02234880423960739,0.026946154161885616,-0.01704388320583461,0.04313067950852778,0.0013543715704842363,-0.011669983860911226,-0.010346292186029338,0.03890357233426567,0.00046671646340268325,0.002813569427975837,-0.014999265716439059,0.04438106765617911,0.021269267060862518
2020-11-05,0.022983923404670703,0.019503140778436068,-0.010204106457577522,0.04081631061783941,0.019316830243748084,0.0,0.024429958137753394,0.023554690401256018,0.03106393610652769,0.007307184442076009,0.0036477693587630977,0.008948181955063417,0.0020059987762726106,0.01949574012174704
2020-11-06,0.0014213621387162423,-0.0002283524073837251,-0.025405027169886463,0.002506400848835133,-0.0023493432933335834,-0.021643636221217677,-0.007949011851598353,0.0009845358464066756,0.0035493207379715397,0.004630198868483593,-0.003914167961313386,-0.002178293736124659,0.00036414790899663707,-0.0030023526478973883
2020-11-09,-0.04427097823171633,0.012565251414730083,0.06044580366356511,0.02249984058124066,-0.00847723750365914,0.14275838986245692,0.08213137733574061,0.03405427047638265,-0.007238153165968542,-0.0023044294675287347,0.02638247326760923,0.018556091633154193,0.00937033798772724,-0.0032727876985522153
2020-11-10,0.0033127817282887495,-0.0014662990131395492,0.02992519279374184,0.011793494208096833,-0.003166594235504694,0.03236514311821792,0.0051832914783296324,0.017595967344599783,-0.01864120160120908,0.01971060987034834,0.005468899874750965,0.014390503763990647,0.002884265886460291,-0.0035470403823256724
2020-11-11,-0.004326595410341194,0.007428596917335328,0.004496750909767755,-0.014925218609606161,0.009053449462989915,-0.0102546382064852,-0.004051618614513641,-0.008412169441510908,0.023723041913911835,0.00860770569116287,0.0076148151629604754,0.0037733688095311635,-0.0012582978264850109,0.008766315095168453
2020-11-12,0.006060679556170845,-0.009700863500751944,-0.013085435817326463,-0.02106800875558046,-0.005666572114294333,-0.032267596518598785,-0.016641985384835856,-0.01142951188739394,-0.008906401795969132,-0.002695021412129961,-0.010256539033369871,-0.01608788775699277,-0.0036892257404734785,-0.01339431432621796
2020-11-13,0.006819714153532219,0.013844717086519243,-0.018492696771363226,0.017246787235568606,0.014880483051505466,0.03640260232354908,0.01654763489465938,0.02216985358455692,0.008487162632242029,0.013811893997602409,0.022906997199883206,0.009932554170146934,0.012644584048808971,0.01622498921527571
2020-11-16,-5.650127239831271e-05,0.012482388808711997,0.024173491840134398,0.01970699617324878,0.0063951616810911105,0.06582035753829274,0.02219723746363833,0.02437008743414948,0.00965368488807905,0.009180875233651742,0.006398464836476991,0.010137861825014305,-0.0016946641244978133,0.01309897562710427
2020-11-17,-0.0036691725592956637,-0.005378477433413353,0.002082657910561503,-0.0036947856705380477,-0.0035647114406367475,0.01024675256655394,-0.0014475148372162794,-0.0026181396447833016,-0.0055569121978371605,-0.007043349148502243,0.0005298557678099503,-0.01962277561492376,-0.006522165889584652,-0.004245409439898706
2020-11-18,-0.005722348480656891,-0.012034820488719955,0.004502915032476684,-0.008272706001360097,-0.01011054211019502,-0.02905702782537789,-0.009423698060958663,-0.004451157045994747,-0.010683108786486484,-0.013743214820869931,-0.016944468687218994,-0.019556670655500485,-0.01861480386423442,-0.006847420838744567
2020-11-19,-0.0018804594035273237,0.004210220178628488,0.003103453537513401,0.004171039984662395,0.006128386461067725,0.016374727674015377,0.0032930794002539177,0.002521938619080011,0.008057307741666575,0.002697040984598331,0.001615555532297419,-0.009973590899726603,-0.0007332248488022275,0.004943207256634885
2020-11-20,0.0030257979459697992,-0.006847702892173069,0.006187703823706148,-0.0008593453243007643,-0.0023426760814990732,-0.00527753599970926,-0.008752823322298764,-0.009033576154725553,-0.010299900742241519,-0.006275993742164143,-0.00672219124638096,0.0001574601598646197,-0.002292295573651626,-0.005242752869654255
2020-11-23,-0.0196938167555728,0.005994222358355117,0.008541168298263235,0.008313906719718434,0.00046964798579751665,0.07065054597403231,0.018763948966637134,0.016732172818671787,-0.0002499820755701432,0.0003005401344764458,-0.0032484120263461813,0.00015750587403839944,-0.0025739561459620086,0.010996190217211765
2020-11-24,-0.015328336846880064,0.01611388485041143,0.04336039158021898,0.02487922558446032,0.020497686114823832,0.0513825393882863,0.03503050634922267,0.017477909517601864,0.013907471717514275,0.006764869447753341,-0.0005431767801705734,0.010700112619407953,0.0029489277161738325,0.014866993520854965
2020-11-25,-0.0004717367343725076,-0.0015418865159592121,0.018506545983513867,-0.010403311898348866,-0.0001535379985623253,-0.023319279493774436,-0.0034890975003969427,-0.0075850081311102935,0.002135543043686239,-0.0005971894953601398,0.0024454686214347987,0.0026468127001813,-0.0036752070286828475,0.0012045432525393807
2020-11-27,-0.010146901518740647,0.0027851678248069778,-0.004781687021547798,0.00518617878486527,0.006440661775920287,-0.01168431179720808,-0.003151182533457808,-0.001685870864727157,0.005327480545197272,-0.00014943574243408975,-0.0018973567135964764,-0.009938040026375328,0.009221833479309494,0.002153573673257414
2020-11-30,-0.006674981596057172,-0.004427189928334796,-0.008007687556003895,-0.010040533922018646,-0.0035042993300167247,-0.05525583962010705,-0.020723494898747807,-0.008894329764682851,0.00668517638437649,-0.00014919586966044562,-0.00869082848272762,-0.014428879511738657,0.0027412553393595385,-0.006067422217648888
2020-12-01,0.0210595460814611,0.01093732813226711,-0.011301210264159423,0.010987491549815598,0.018348628920368704,0.00462452440418426,0.0154232334303388,-0.002499113398139463,0.012795565943359177,0.008817834425304927,0.012602530288666536,0.007001539279281932,0.008383287957158814,0.007439811304161603
2020-12-02,0.00752153069206285,0.002103898217072908,0.011430387476431436,-0.01281873822692181,0.009309152136464771,0.03249376599597387,0.01095006945567567,0.0013666450272571407,-0.0015193676134610534,-0.008296433397986025,-0.010551734541406455,0.006637331186303053,0.0075005974487902805,-0.006248936444216868
2020-12-03,0.007873502810363364,-0.0002726505861898598,0.009041029798304567,-0.006915813090216272,-0.004462645894881656,0.010490669038028644,0.00034925125746165797,0.0026158515733483156,-0.0006405496793748799,0.0025396346907782252,0.0073830460853421265,-0.010361189742429944,-0.0012559636877267355,0.0027948143497462663
2020-12-04,-0.002835427586930339,0.008617696392849927,0.009919982910156167,0.02018187065150312,0.0008964461102562993,0.05450312070234564,0.012225003150999836,0.011909799511214292,0.01001673225480304,0.007748638765457505,0.013301009037999467,-0.00999347355710467,0.01068736524261138,0.0009503787957063636
2020-12-07,0.014914066598165077,-0.002055124491223359,-0.005069703742700327,-0.0065480541254522295,0.006270581083514415,-0.02338181485914992,-0.006901213117564087,-0.004820038157978823,0.0028563155012604202,-0.0038445295123147316,-0.009912002313259727,0.005608068590021054,-0.0061315676526275675,-0.0022783204660209444
2020-12-08,0.003487910186290799,0.0029262061616137647,0.00031847863067913096,0.005609503186283726,-0.0014838138171542337,0.01486878510744205,-0.00034723697797767183,0.004843383451026417,0.003243622734234064,0.005491968198362951,-0.004599483546143368,-0.003027663260117164,0.007599665204619965,-0.0020929518949113213
2020-12-09,-0.017094017094017144,-0.008968708502427925,-0.0022285799160863817,0.0005579157006383451,-0.011887255793582852,0.002234946666493487,-0.002433319877465756,0.0022422748911470336,-0.019162478595627364,-0.003985936058723882,-0.009241659500939803,-0.0017577776524034805,-0.003460534736553167,-0.0009532359091978249
2020-12-10,-0.001913054093070632,-0.00032719877397113795,0.024569255073857654,-0.006132706354721296,0.000601425617110074,0.030723572198416038,0.0017419714370008332,-0.009507053033696589,0.001447058284260061,-0.004446476455598702,-0.005486968019789873,-0.005123465153386575,-0.001691502060331418,-0.0008906639845838171
2020-12-11,0.0018586706605219216,-0.0011726968177203645,-0.005294303116242904,-0.005749289459366813,0.006011606297873229,-0.01153847751322623,-0.010086781311922977,0.0023714447239067127,-0.0020873027110484,0.002233069994822312,0.0005515286063688674,0.0016096075555167566,-0.003924489236166617,-0.004775284086993792
2020-12-14,-0.005507636250083436,-0.004477236962552533,0.007200927709517302,-0.01269412684905169,-0.003136954693308769,-0.03501939073712279,-0.011595154691317111,-0.012954934001188967,0.003620134241153705,-0.0038621694862285283,-0.007168188605785608,-0.005141718267869577,-0.0075215500347541875,0.0014713397775638626
2020-12-15,0.013990959829817351,0.013519398566426366,0.011501484850540145,0.018142677632003945,0.008242194463751185,0.0196569900660577,0.017063581161765873,0.013923645856280586,0.01667350071296947,0.0023861408761820524,0.017495350179019376,0.019703046757286735,0.010826375228297547,0.013479531298628444
2020-12-16,0.005519095329445722,0.001569500034111826,0.0061463047729668485,-0.002805731911490028,-0.0008920074450676774,-0.004942892315675684,0.0017475243161937382,-0.006190726774604749,0.006780733848265719,0.001933957141917464,0.00027289135124686226,-0.011561616819951825,-0.002945302602291089,0.00655597387161011
2020-12-17,0.010520363984510617,0.005592050062990239,0.012828287947875827,0.011537881292168262,-0.0025286057858798783,-0.0047192243611543505,0.002791423896094214,0.006116139776873641,0.007909968306198278,0.006384492448091583,0.011732498973506145,0.006729567459190511,0.010742058814134925,0.006826328732613796
2020-12-18,-0.0016974258370123785,-0.003992924556384558,0.00965017178216887,0.004450971457329755,0.0008947079524075363,-0.016720652500988864,-0.008698535399305762,0.00011246299450773378,-0.0034964918309537962,0.002212908143278014,-0.01726027051011858,-0.008594586223507061,0.0007970883273227258,-0.004851686062620764
2020-12-21,-0.003173869592184575,-0.003575459679820314,-0.025089610635394388,-0.005302555655664509,-0.008551723445015758,-0.019290586940742704,0.013480191612217585,-0.006035455929842892,0.0010002000152027346,-0.01077663518552019,-0.00900635279441353,-0.012109833257674896,-0.010005676364952865,-0.011296710441369928
2020-12-22,-0.007903112071065643,-0.0016851878546320087,-0.01685046713680316,-0.00615642747276135,-0.009333293280163968,-0.0167843305882448,-0.00974939760920479,-0.004662341071560161,0.008666386784785152,-0.0070528570308542315,0.007012721802283961,-0.001966411928318368,-0.0030517859360162936,-0.0043068538003881995
2020-12-23,0.00664787877129025,0.0008983195877647621,0.0205671500241138,0.0014077853161797993,0.00577395308854145,0.022139297932950663,0.0165259168238443,0.005255224456383711,-0.007585651524388615,0.0033248229471953827,-0.009470726559447251,-0.001970505154394786,0.0007205104642538096,0.00216309517325719
2020-12-24,0.003985267471422693,0.003890410339965511,0.005190783784589703,0.006326601986468505,0.001057751077850222,-0.00521931632872652,0.0013836692785855753,0.00011381769251106455,0.006629667564346464,0.004970445591856887,0.00984247983377462,0.007074540344905955,0.002879000279178978,0.002094198817206294
2020-12-28,-0.003629142996869339,0.008590835426296461,-0.0100242416376779,-0.003911769910181273,0.01795950249208733,-0.006295871381492346,0.004835863514321304,0.0012498867567969363,0.011312826179921354,0.007943803360009882,0.008075662263818728,0.004411292118212673,0.002511698897417647,0.0114007504444269
2020-12-29,0.003642361648136694,-0.001907678615051811,0.005829967039564288,-0.0023843849849223275,-0.0008895882763980678,-0.006599927945489692,-0.003437554418830535,-0.006015148355494548,-0.004750469518909561,-0.0029738607267768558,-0.007735112889109885,-0.00016271983163829162,0.004742745525727621,0.00031337196994174477
2020-12-30,0.007655178894261816,0.0014268268082908708,0.003965865556936565,0.013777754188392777,-0.006677733688867038,0.01567926329854341,0.004484371840397294,0.006394130659186592,-0.0005388925416270895,-0.0010440077388024216,0.005568348364709541,0.005042967700710221,-0.00017833363374553102,0.006010182691334132
2020-12-31,0.003714145601823482,0.00508063988818197,0.003038543743079325,0.003882901978987441,0.00806723451680913,-0.008372851603792753,0.012362716622657421,0.004651388352383101,0.0014635668282139136,0.0070167302844843515,0.012181392727364182,0.01489170878912316,0.010511488486485199,0.0005599308390509261
